{
  "Iniciar sesión-0" : {
    "transaction" : "Iniciar sesión-0",
    "sampleCount" : 50,
    "errorCount" : 0,
    "errorPct" : 0.0,
    "meanResTime" : 634.5000000000001,
    "medianResTime" : 387.0,
    "minResTime" : 348.0,
    "maxResTime" : 1239.0,
    "pct1ResTime" : 1128.3,
    "pct2ResTime" : 1165.1499999999999,
    "pct3ResTime" : 1239.0,
    "throughput" : 0.0850001870004114,
    "receivedKBytesPerSec" : 0.03959481367109007,
    "sentKBytesPerSec" : 0.0154394870918716
  },
  "Total" : {
    "transaction" : "Total",
    "sampleCount" : 400,
    "errorCount" : 0,
    "errorPct" : 0.0,
    "meanResTime" : 767.7074999999993,
    "medianResTime" : 431.0,
    "minResTime" : 164.0,
    "maxResTime" : 5947.0,
    "pct1ResTime" : 2091.0000000000005,
    "pct2ResTime" : 2541.8,
    "pct3ResTime" : 3287.7400000000002,
    "throughput" : 0.6780982733922715,
    "receivedKBytesPerSec" : 15.850295502513202,
    "sentKBytesPerSec" : 0.40609742788848674
  },
  "Iniciar sesión-1" : {
    "transaction" : "Iniciar sesión-1",
    "sampleCount" : 50,
    "errorCount" : 0,
    "errorPct" : 0.0,
    "meanResTime" : 1368.5000000000005,
    "medianResTime" : 921.0,
    "minResTime" : 863.0,
    "maxResTime" : 4933.0,
    "pct1ResTime" : 2117.3,
    "pct2ResTime" : 2255.9,
    "pct3ResTime" : 4933.0,
    "throughput" : 0.08498848406040982,
    "receivedKBytesPerSec" : 3.92559151984906,
    "sentKBytesPerSec" : 0.015437361362535375
  },
  "Formulario" : {
    "transaction" : "Formulario",
    "sampleCount" : 50,
    "errorCount" : 0,
    "errorPct" : 0.0,
    "meanResTime" : 962.64,
    "medianResTime" : 550.0,
    "minResTime" : 514.0,
    "maxResTime" : 3375.0,
    "pct1ResTime" : 2535.5,
    "pct2ResTime" : 2867.7999999999975,
    "pct3ResTime" : 3375.0,
    "throughput" : 0.08509247850563993,
    "receivedKBytesPerSec" : 3.968287735110518,
    "sentKBytesPerSec" : 0.15198646795587445
  },
  "Formulario-0" : {
    "transaction" : "Formulario-0",
    "sampleCount" : 50,
    "errorCount" : 0,
    "errorPct" : 0.0,
    "meanResTime" : 243.3,
    "medianResTime" : 179.0,
    "minResTime" : 169.0,
    "maxResTime" : 848.0,
    "pct1ResTime" : 434.9,
    "pct2ResTime" : 444.04999999999995,
    "pct3ResTime" : 848.0,
    "throughput" : 0.0851447887132068,
    "receivedKBytesPerSec" : 0.036086756153839605,
    "sentKBytesPerSec" : 0.0644406359889993
  },
  "Formulario-1" : {
    "transaction" : "Formulario-1",
    "sampleCount" : 50,
    "errorCount" : 0,
    "errorPct" : 0.0,
    "meanResTime" : 225.1,
    "medianResTime" : 180.0,
    "minResTime" : 164.0,
    "maxResTime" : 551.0,
    "pct1ResTime" : 437.8,
    "pct2ResTime" : 445.74999999999994,
    "pct3ResTime" : 551.0,
    "throughput" : 0.0851488487024167,
    "receivedKBytesPerSec" : 0.024197573215237557,
    "sentKBytesPerSec" : 0.04257442435120835
  },
  "Cerrar sesión" : {
    "transaction" : "Cerrar sesión",
    "sampleCount" : 50,
    "errorCount" : 0,
    "errorPct" : 0.0,
    "meanResTime" : 210.04000000000002,
    "medianResTime" : 180.0,
    "minResTime" : 165.0,
    "maxResTime" : 439.0,
    "pct1ResTime" : 393.4,
    "pct2ResTime" : 431.79999999999995,
    "pct3ResTime" : 439.0,
    "throughput" : 0.08514957374123386,
    "receivedKBytesPerSec" : 0.03542355313844299,
    "sentKBytesPerSec" : 0.041909555825763535
  },
  "Formulario-2" : {
    "transaction" : "Formulario-2",
    "sampleCount" : 50,
    "errorCount" : 0,
    "errorPct" : 0.0,
    "meanResTime" : 493.54000000000013,
    "medianResTime" : 184.0,
    "minResTime" : 169.0,
    "maxResTime" : 2583.0,
    "pct1ResTime" : 1663.3,
    "pct2ResTime" : 2084.549999999998,
    "pct3ResTime" : 2583.0,
    "throughput" : 0.08514768866599116,
    "receivedKBytesPerSec" : 3.9105772321466583,
    "sentKBytesPerSec" : 0.04506840552438204
  },
  "Iniciar sesión" : {
    "transaction" : "Iniciar sesión",
    "sampleCount" : 50,
    "errorCount" : 0,
    "errorPct" : 0.0,
    "meanResTime" : 2004.0400000000004,
    "medianResTime" : 1385.0,
    "minResTime" : 1214.0,
    "maxResTime" : 5947.0,
    "pct1ResTime" : 3210.0,
    "pct2ResTime" : 3273.7,
    "pct3ResTime" : 5947.0,
    "throughput" : 0.08486558140561165,
    "receivedKBytesPerSec" : 3.959446796281869,
    "sentKBytesPerSec" : 0.030830074495007357
  }
}