{
  "Iniciar sesión-0" : {
    "transaction" : "Iniciar sesión-0",
    "sampleCount" : 60,
    "errorCount" : 0,
    "errorPct" : 0.0,
    "meanResTime" : 644.8166666666666,
    "medianResTime" : 406.0,
    "minResTime" : 352.0,
    "maxResTime" : 1444.0,
    "pct1ResTime" : 1127.3,
    "pct2ResTime" : 1325.7499999999998,
    "pct3ResTime" : 1444.0,
    "throughput" : 0.10187795021564165,
    "receivedKBytesPerSec" : 0.04745681860630964,
    "sentKBytesPerSec" : 0.018505174550888036
  },
  "Total" : {
    "transaction" : "Total",
    "sampleCount" : 480,
    "errorCount" : 0,
    "errorPct" : 0.0,
    "meanResTime" : 741.8729166666668,
    "medianResTime" : 436.0,
    "minResTime" : 167.0,
    "maxResTime" : 4997.0,
    "pct1ResTime" : 1950.7000000000012,
    "pct2ResTime" : 2504.0,
    "pct3ResTime" : 3325.62,
    "throughput" : 0.8127396947146521,
    "receivedKBytesPerSec" : 18.848549979258205,
    "sentKBytesPerSec" : 0.48673107205445354
  },
  "Iniciar sesión-1" : {
    "transaction" : "Iniciar sesión-1",
    "sampleCount" : 60,
    "errorCount" : 0,
    "errorPct" : 0.0,
    "meanResTime" : 1344.7166666666665,
    "medianResTime" : 932.0,
    "minResTime" : 862.0,
    "maxResTime" : 3549.0,
    "pct1ResTime" : 2117.7,
    "pct2ResTime" : 2246.5,
    "pct3ResTime" : 3549.0,
    "throughput" : 0.10196728889372289,
    "receivedKBytesPerSec" : 4.672445220198361,
    "sentKBytesPerSec" : 0.018521402084211387
  },
  "Formulario" : {
    "transaction" : "Formulario",
    "sampleCount" : 60,
    "errorCount" : 0,
    "errorPct" : 0.0,
    "meanResTime" : 862.3833333333336,
    "medianResTime" : 550.5,
    "minResTime" : 524.0,
    "maxResTime" : 2665.0,
    "pct1ResTime" : 1883.1,
    "pct2ResTime" : 2512.55,
    "pct3ResTime" : 2665.0,
    "throughput" : 0.10219689253315438,
    "receivedKBytesPerSec" : 4.728515817949862,
    "sentKBytesPerSec" : 0.18253722308900328
  },
  "Formulario-0" : {
    "transaction" : "Formulario-0",
    "sampleCount" : 60,
    "errorCount" : 0,
    "errorPct" : 0.0,
    "meanResTime" : 244.76666666666665,
    "medianResTime" : 183.0,
    "minResTime" : 169.0,
    "maxResTime" : 880.0,
    "pct1ResTime" : 437.9,
    "pct2ResTime" : 540.2999999999996,
    "pct3ResTime" : 880.0,
    "throughput" : 0.10225924764462867,
    "receivedKBytesPerSec" : 0.04334034519313363,
    "sentKBytesPerSec" : 0.0773934735591672
  },
  "Formulario-1" : {
    "transaction" : "Formulario-1",
    "sampleCount" : 60,
    "errorCount" : 0,
    "errorPct" : 0.0,
    "meanResTime" : 241.65,
    "medianResTime" : 178.0,
    "minResTime" : 171.0,
    "maxResTime" : 691.0,
    "pct1ResTime" : 440.0,
    "pct2ResTime" : 453.65,
    "pct3ResTime" : 691.0,
    "throughput" : 0.10226377919204797,
    "receivedKBytesPerSec" : 0.029061288813365196,
    "sentKBytesPerSec" : 0.05113188959602399
  },
  "Cerrar sesión" : {
    "transaction" : "Cerrar sesión",
    "sampleCount" : 60,
    "errorCount" : 0,
    "errorPct" : 0.0,
    "meanResTime" : 230.93333333333334,
    "medianResTime" : 182.0,
    "minResTime" : 167.0,
    "maxResTime" : 561.0,
    "pct1ResTime" : 433.7,
    "pct2ResTime" : 436.95,
    "pct3ResTime" : 561.0,
    "throughput" : 0.10226168765871867,
    "receivedKBytesPerSec" : 0.04254245990489663,
    "sentKBytesPerSec" : 0.05033192439452559
  },
  "Formulario-2" : {
    "transaction" : "Formulario-2",
    "sampleCount" : 60,
    "errorCount" : 0,
    "errorPct" : 0.0,
    "meanResTime" : 375.2500000000001,
    "medianResTime" : 185.5,
    "minResTime" : 171.0,
    "maxResTime" : 1954.0,
    "pct1ResTime" : 882.9,
    "pct2ResTime" : 1634.5499999999997,
    "pct3ResTime" : 1954.0,
    "throughput" : 0.10226308200476547,
    "receivedKBytesPerSec" : 4.659175256765555,
    "sentKBytesPerSec" : 0.05412752973299109
  },
  "Iniciar sesión" : {
    "transaction" : "Iniciar sesión",
    "sampleCount" : 60,
    "errorCount" : 0,
    "errorPct" : 0.0,
    "meanResTime" : 1990.4666666666672,
    "medianResTime" : 1387.0,
    "minResTime" : 1221.0,
    "maxResTime" : 4997.0,
    "pct1ResTime" : 3160.4,
    "pct2ResTime" : 3400.0999999999995,
    "pct3ResTime" : 4997.0,
    "throughput" : 0.10171698266742615,
    "receivedKBytesPerSec" : 4.708357279206337,
    "sentKBytesPerSec" : 0.03695187260965091
  }
}