{
  "Iniciar sesión-0" : {
    "transaction" : "Iniciar sesión-0",
    "sampleCount" : 10,
    "errorCount" : 0,
    "errorPct" : 0.0,
    "meanResTime" : 664.6,
    "medianResTime" : 563.5,
    "minResTime" : 352.0,
    "maxResTime" : 1132.0,
    "pct1ResTime" : 1130.1,
    "pct2ResTime" : 1132.0,
    "pct3ResTime" : 1132.0,
    "throughput" : 0.06163518136152115,
    "receivedKBytesPerSec" : 0.02871091944281796,
    "sentKBytesPerSec" : 0.011195452864495054
  },
  "Total" : {
    "transaction" : "Total",
    "sampleCount" : 80,
    "errorCount" : 0,
    "errorPct" : 0.0,
    "meanResTime" : 720.1124999999998,
    "medianResTime" : 377.0,
    "minResTime" : 171.0,
    "maxResTime" : 3184.0,
    "pct1ResTime" : 2025.5,
    "pct2ResTime" : 2261.3,
    "pct3ResTime" : 3184.0,
    "throughput" : 0.4879834085641088,
    "receivedKBytesPerSec" : 11.380068546419421,
    "sentKBytesPerSec" : 0.29224201689642554
  },
  "Iniciar sesión-1" : {
    "transaction" : "Iniciar sesión-1",
    "sampleCount" : 10,
    "errorCount" : 0,
    "errorPct" : 0.0,
    "meanResTime" : 1225.6999999999998,
    "medianResTime" : 933.5,
    "minResTime" : 886.0,
    "maxResTime" : 2262.0,
    "pct1ResTime" : 2242.4,
    "pct2ResTime" : 2262.0,
    "pct3ResTime" : 2262.0,
    "throughput" : 0.061615053789941955,
    "receivedKBytesPerSec" : 2.8393227658381495,
    "sentKBytesPerSec" : 0.011191796879813675
  },
  "Formulario" : {
    "transaction" : "Formulario",
    "sampleCount" : 10,
    "errorCount" : 0,
    "errorPct" : 0.0,
    "meanResTime" : 900.9,
    "medianResTime" : 543.5,
    "minResTime" : 532.0,
    "maxResTime" : 2437.0,
    "pct1ResTime" : 2418.1,
    "pct2ResTime" : 2437.0,
    "pct3ResTime" : 2437.0,
    "throughput" : 0.06183374143602681,
    "receivedKBytesPerSec" : 2.87693558933739,
    "sentKBytesPerSec" : 0.11044327449852837
  },
  "Formulario-0" : {
    "transaction" : "Formulario-0",
    "sampleCount" : 10,
    "errorCount" : 0,
    "errorPct" : 0.0,
    "meanResTime" : 225.3,
    "medianResTime" : 180.5,
    "minResTime" : 172.0,
    "maxResTime" : 454.0,
    "pct1ResTime" : 444.0,
    "pct2ResTime" : 454.0,
    "pct3ResTime" : 454.0,
    "throughput" : 0.061967851078860284,
    "receivedKBytesPerSec" : 0.026263718133032583,
    "sentKBytesPerSec" : 0.046899496666129616
  },
  "Formulario-1" : {
    "transaction" : "Formulario-1",
    "sampleCount" : 10,
    "errorCount" : 0,
    "errorPct" : 0.0,
    "meanResTime" : 222.3,
    "medianResTime" : 179.5,
    "minResTime" : 171.0,
    "maxResTime" : 438.0,
    "pct1ResTime" : 429.8,
    "pct2ResTime" : 438.0,
    "pct3ResTime" : 438.0,
    "throughput" : 0.06196938712276135,
    "receivedKBytesPerSec" : 0.017610441067112844,
    "sentKBytesPerSec" : 0.03098469356138068
  },
  "Cerrar sesión" : {
    "transaction" : "Cerrar sesión",
    "sampleCount" : 10,
    "errorCount" : 0,
    "errorPct" : 0.0,
    "meanResTime" : 178.20000000000002,
    "medianResTime" : 178.0,
    "minResTime" : 173.0,
    "maxResTime" : 183.0,
    "pct1ResTime" : 183.0,
    "pct2ResTime" : 183.0,
    "pct3ResTime" : 183.0,
    "throughput" : 0.06196823508269661,
    "receivedKBytesPerSec" : 0.02577975404807496,
    "sentKBytesPerSec" : 0.03049999070476474
  },
  "Formulario-2" : {
    "transaction" : "Formulario-2",
    "sampleCount" : 10,
    "errorCount" : 0,
    "errorPct" : 0.0,
    "meanResTime" : 452.5,
    "medianResTime" : 181.0,
    "minResTime" : 174.0,
    "maxResTime" : 1626.0,
    "pct1ResTime" : 1609.0,
    "pct2ResTime" : 1626.0,
    "pct3ResTime" : 1626.0,
    "throughput" : 0.06196861909129218,
    "receivedKBytesPerSec" : 2.839336769235059,
    "sentKBytesPerSec" : 0.03279979643308628
  },
  "Iniciar sesión" : {
    "transaction" : "Iniciar sesión",
    "sampleCount" : 10,
    "errorCount" : 0,
    "errorPct" : 0.0,
    "meanResTime" : 1891.4,
    "medianResTime" : 1666.0,
    "minResTime" : 1261.0,
    "maxResTime" : 3184.0,
    "pct1ResTime" : 3183.5,
    "pct2ResTime" : 3184.0,
    "pct3ResTime" : 3184.0,
    "throughput" : 0.061273008014509446,
    "receivedKBytesPerSec" : 2.8521029470785026,
    "sentKBytesPerSec" : 0.02225933494277101
  }
}